Athlete Name,Medal Type,Medal Date,Country Code,Gender,Sport Discipline
Remco EVENEPOEL,Gold Medal,27-Jul,BEL,M,Cycling Road
Filippo GANNA,Silver Medal,27-Jul,ITA,M,Cycling Road
Wout van AERT,Bronze Medal,27-Jul,BEL,M,Cycling Road
Grace BROWN,Gold Medal,27-Jul,AUS,F,Cycling Road
Anna HENDERSON,Silver Medal,27-Jul,GBR,F,Cycling Road
Chloe DYGERT,Bronze Medal,27-Jul,USA,F,Cycling Road
OH Sanguk,Gold Medal,27-Jul,KOR,M,Fencing
Fares FERJANI,Silver Medal,27-Jul,TUN,M,Fencing
Luigi SAMELE,Bronze Medal,27-Jul,ITA,M,Fencing
KONG Man Wai Vivian,Gold Medal,27-Jul,HKG,F,Fencing
Auriane MALLO-BRETON,Silver Medal,27-Jul,FRA,F,Fencing
Eszter MUHARI,Bronze Medal,27-Jul,HUN,F,Fencing
Yeldos SMETOV,Gold Medal,27-Jul,KAZ,M,Judo
Luka MKHEIDZE,Silver Medal,27-Jul,FRA,M,Judo
NAGAYAMA Ryuju,Bronze Medal,27-Jul,JPN,M,Judo
Francisco GARRIGOS,Bronze Medal,27-Jul,ESP,M,Judo
TSUNODA Natsumi,Gold Medal,27-Jul,JPN,F,Judo
Baasankhuu BAVUUDORJ,Silver Medal,27-Jul,MGL,F,Judo
Shirine BOUKLI,Bronze Medal,27-Jul,FRA,F,Judo
Tara BABULFATH,Bronze Medal,27-Jul,SWE,F,Judo
Lukas MAERTENS,Gold Medal,27-Jul,GER,M,Swimming
Elijah WINNINGTON,Silver Medal,27-Jul,AUS,M,Swimming
KIM Woomin,Bronze Medal,27-Jul,KOR,M,Swimming
Ariarne TITMUS,Gold Medal,27-Jul,AUS,F,Swimming
Summer McINTOSH,Silver Medal,27-Jul,CAN,F,Swimming
Katie LEDECKY,Bronze Medal,27-Jul,USA,F,Swimming
Jessica FOX,Gold Medal,28-Jul,AUS,F,Canoe Slalom
Klaudia ZWOLINSKA,Silver Medal,28-Jul,POL,F,Canoe Slalom
Kimberley WOODS,Bronze Medal,28-Jul,GBR,F,Canoe Slalom
Pauline FERRAND PREVOT,Gold Medal,28-Jul,FRA,F,Cycling Mountain Bike
Haley BATTEN,Silver Medal,28-Jul,USA,F,Cycling Mountain Bike
Jenny RISSVEDS,Bronze Medal,28-Jul,SWE,F,Cycling Mountain Bike
KANO Koki,Gold Medal,28-Jul,JPN,M,Fencing
Yannick BOREL,Silver Medal,28-Jul,FRA,M,Fencing
Mohamed ELSAYED,Bronze Medal,28-Jul,EGY,M,Fencing
Lee KIEFER,Gold Medal,28-Jul,USA,F,Fencing
Lauren SCRUGGS,Silver Medal,28-Jul,USA,F,Fencing
Eleanor HARVEY,Bronze Medal,28-Jul,CAN,F,Fencing
ABE Hifumi,Gold Medal,28-Jul,JPN,M,Judo
Willian LIMA,Silver Medal,28-Jul,BRA,M,Judo
Gusman KYRGYZBAYEV,Bronze Medal,28-Jul,KAZ,M,Judo
Denis VIERU,Bronze Medal,28-Jul,MDA,M,Judo
Diyora KELDIYOROVA,Gold Medal,28-Jul,UZB,F,Judo
Distria KRASNIQI,Silver Medal,28-Jul,KOS,F,Judo
Larissa PIMENTA,Bronze Medal,28-Jul,BRA,F,Judo
Amandine BUCHARD,Bronze Medal,28-Jul,FRA,F,Judo
XIE Yu,Gold Medal,28-Jul,CHN,M,Shooting
Federico Nilo MALDINI,Silver Medal,28-Jul,ITA,M,Shooting
Paolo MONNA,Bronze Medal,28-Jul,ITA,M,Shooting
OH Ye Jin,Gold Medal,28-Jul,KOR,F,Shooting
KIM Yeji,Silver Medal,28-Jul,KOR,F,Shooting
Manu BHAKER,Bronze Medal,28-Jul,IND,F,Shooting
YOSHIZAWA Coco,Gold Medal,28-Jul,JPN,F,Skateboarding
AKAMA Liz,Silver Medal,28-Jul,JPN,F,Skateboarding
Rayssa LEAL,Bronze Medal,28-Jul,BRA,F,Skateboarding
Nicolo MARTINENGHI,Gold Medal,28-Jul,ITA,M,Swimming
Adam PEATY,Silver Medal,28-Jul,GBR,M,Swimming
Nic FINK,Silver Medal,28-Jul,USA,M,Swimming
Leon MARCHAND,Gold Medal,28-Jul,FRA,M,Swimming
MATSUSHITA Tomoyuki,Silver Medal,28-Jul,JPN,M,Swimming
Carson FOSTER,Bronze Medal,28-Jul,USA,M,Swimming
Torri HUSKE,Gold Medal,28-Jul,USA,F,Swimming
Gretchen WALSH,Silver Medal,28-Jul,USA,F,Swimming
ZHANG Yufei,Bronze Medal,28-Jul,CHN,F,Swimming
Nicolas GESTIN,Gold Medal,29-Jul,FRA,M,Canoe Slalom
Adam BURGESS,Silver Medal,29-Jul,GBR,M,Canoe Slalom
Matej BENUS,Bronze Medal,29-Jul,SVK,M,Canoe Slalom
Thomas PIDCOCK,Gold Medal,29-Jul,GBR,M,Cycling Mountain Bike
Victor KORETZKY,Silver Medal,29-Jul,FRA,M,Cycling Mountain Bike
Alan HATHERLY,Bronze Medal,29-Jul,RSA,M,Cycling Mountain Bike
Michael JUNG,Gold Medal,29-Jul,GER,F,Equestrian
Christopher BURTON,Silver Medal,29-Jul,AUS,F,Equestrian
Laura COLLETT,Bronze Medal,29-Jul,GBR,F,Equestrian
CHEUNG Ka Long,Gold Medal,29-Jul,HKG,M,Fencing
Filippo MACCHI,Silver Medal,29-Jul,ITA,M,Fencing
Nick ITKIN,Bronze Medal,29-Jul,USA,M,Fencing
Manon APITHY-BRUNET,Gold Medal,29-Jul,FRA,F,Fencing
Sara BALZER,Silver Medal,29-Jul,FRA,F,Fencing
Olga KHARLAN,Bronze Medal,29-Jul,UKR,F,Fencing
Hidayat HEYDAROV,Gold Medal,29-Jul,AZE,M,Judo
Joan-Benjamin GABA,Silver Medal,29-Jul,FRA,M,Judo
Adil OSMANOV,Bronze Medal,29-Jul,MDA,M,Judo
HASHIMOTO Soichi,Bronze Medal,29-Jul,JPN,M,Judo
Christa DEGUCHI,Gold Medal,29-Jul,CAN,F,Judo
HUH Mimi,Silver Medal,29-Jul,KOR,F,Judo
FUNAKUBO Haruka,Bronze Medal,29-Jul,JPN,F,Judo
Sarah Leonie CYSIQUE,Bronze Medal,29-Jul,FRA,F,Judo
SHENG Lihao,Gold Medal,29-Jul,CHN,M,Shooting
Victor LINDGREN,Silver Medal,29-Jul,SWE,M,Shooting
Miran MARICIC,Bronze Medal,29-Jul,CRO,M,Shooting
BAN Hyojin,Gold Medal,29-Jul,KOR,F,Shooting
HUANG Yuting,Silver Medal,29-Jul,CHN,F,Shooting
Audrey GOGNIAT,Bronze Medal,29-Jul,SUI,F,Shooting
HORIGOME Yuto,Gold Medal,29-Jul,JPN,M,Skateboarding
Jagger EATON,Silver Medal,29-Jul,USA,M,Skateboarding
Nyjah HUSTON,Bronze Medal,29-Jul,USA,M,Skateboarding
Thomas CECCON,Gold Medal,29-Jul,ITA,M,Swimming
XU Jiayu,Silver Medal,29-Jul,CHN,M,Swimming
Ryan MURPHY,Bronze Medal,29-Jul,USA,M,Swimming
David POPOVICI,Gold Medal,29-Jul,ROU,M,Swimming
Matthew RICHARDS,Silver Medal,29-Jul,GBR,M,Swimming
Luke HOBSON,Bronze Medal,29-Jul,USA,M,Swimming
Tatjana SMITH,Gold Medal,29-Jul,RSA,F,Swimming
TANG Qianting,Silver Medal,29-Jul,CHN,F,Swimming
Mona Mc SHARRY,Bronze Medal,29-Jul,IRL,F,Swimming
Mollie O'CALLAGHAN,Gold Medal,29-Jul,AUS,F,Swimming
Ariarne TITMUS,Silver Medal,29-Jul,AUS,F,Swimming
HAUGHEY Siobhan Bernadette,Bronze Medal,29-Jul,HKG,F,Swimming
Summer McINTOSH,Gold Medal,29-Jul,CAN,F,Swimming
Katie GRIMES,Silver Medal,29-Jul,USA,F,Swimming
Emma WEYANT,Bronze Medal,29-Jul,USA,F,Swimming
NAGASE Takanori,Gold Medal,30-Jul,JPN,M,Judo
Tato GRIGALASHVILI,Silver Medal,30-Jul,GEO,M,Judo
LEE Joonhwan,Bronze Medal,30-Jul,KOR,M,Judo
Somon MAKHMADBEKOV,Bronze Medal,30-Jul,TJK,M,Judo
Andreja LESKI,Gold Medal,30-Jul,SLO,F,Judo
Prisca AWITI ALCARAZ,Silver Medal,30-Jul,MEX,F,Judo
Clarisse AGBEGNENOU,Bronze Medal,30-Jul,FRA,F,Judo
Laura FAZLIU,Bronze Medal,30-Jul,KOS,F,Judo
Nathan HALES,Gold Medal,30-Jul,GBR,M,Shooting
QI Ying,Silver Medal,30-Jul,CHN,M,Shooting
Jean Pierre BROL CARDENAS,Bronze Medal,30-Jul,GUA,M,Shooting
Daniel WIFFEN,Gold Medal,30-Jul,IRL,M,Swimming
Bobby FINKE,Silver Medal,30-Jul,USA,M,Swimming
Gregorio PALTRINIERI,Bronze Medal,30-Jul,ITA,M,Swimming
Kaylee McKEOWN,Gold Medal,30-Jul,AUS,F,Swimming
Regan SMITH,Silver Medal,30-Jul,USA,F,Swimming
Katharine BERKOFF,Bronze Medal,30-Jul,USA,F,Swimming
OKA Shinnosuke,Gold Medal,31-Jul,JPN,M,Artistic Gymnastics
ZHANG Boheng,Silver Medal,31-Jul,CHN,M,Artistic Gymnastics
XIAO Ruoteng,Bronze Medal,31-Jul,CHN,M,Artistic Gymnastics
Jessica FOX,Gold Medal,31-Jul,AUS,F,Canoe Slalom
Elena LILIK,Silver Medal,31-Jul,GER,F,Canoe Slalom
Evy LEIBFARTH,Bronze Medal,31-Jul,USA,F,Canoe Slalom
Jose TORRES GIL,Gold Medal,31-Jul,ARG,M,Cycling BMX Freestyle
Kieran Darren David REILLY,Silver Medal,31-Jul,GBR,M,Cycling BMX Freestyle
Anthony JEANJEAN,Bronze Medal,31-Jul,FRA,M,Cycling BMX Freestyle
DENG Yawen,Gold Medal,31-Jul,CHN,F,Cycling BMX Freestyle
Perris BENEGAS,Silver Medal,31-Jul,USA,F,Cycling BMX Freestyle
Natalya DIEHM,Bronze Medal,31-Jul,AUS,F,Cycling BMX Freestyle
DPR Korea,Silver Medal,31-Jul,PRK,F,Diving
Lasha BEKAURI,Gold Medal,31-Jul,GEO,M,Judo
MURAO Sanshiro,Silver Medal,31-Jul,JPN,M,Judo
Maxime-Gael NGAYAP HAMBOU,Bronze Medal,31-Jul,FRA,M,Judo
Theodoros TSELIDIS,Bronze Medal,31-Jul,GRE,M,Judo
Barbara MATIC,Gold Medal,31-Jul,CRO,F,Judo
Miriam BUTKEREIT,Silver Medal,31-Jul,GER,F,Judo
Michaela POLLERES,Bronze Medal,31-Jul,AUT,F,Judo
Gabriella WILLEMS,Bronze Medal,31-Jul,BEL,F,Judo
Adriana RUANO OLIVA,Gold Medal,31-Jul,GUA,F,Shooting
Silvana Maria STANCO,Silver Medal,31-Jul,ITA,F,Shooting
Penny SMITH,Bronze Medal,31-Jul,AUS,F,Shooting
PAN Zhanle,Gold Medal,31-Jul,CHN,M,Swimming
Kyle CHALMERS,Silver Medal,31-Jul,AUS,M,Swimming
David POPOVICI,Bronze Medal,31-Jul,ROU,M,Swimming
Leon MARCHAND,Gold Medal,31-Jul,FRA,M,Swimming
Zac STUBBLETY-COOK,Silver Medal,31-Jul,AUS,M,Swimming
Caspar CORBEAU,Bronze Medal,31-Jul,NED,M,Swimming
Leon MARCHAND,Gold Medal,31-Jul,FRA,M,Swimming
Kristof MILAK,Silver Medal,31-Jul,HUN,M,Swimming
Ilya KHARUN,Bronze Medal,31-Jul,CAN,M,Swimming
Sarah SJOESTROEM,Gold Medal,31-Jul,SWE,F,Swimming
Torri HUSKE,Silver Medal,31-Jul,USA,F,Swimming
HAUGHEY Siobhan Bernadette,Bronze Medal,31-Jul,HKG,F,Swimming
Katie LEDECKY,Gold Medal,31-Jul,USA,F,Swimming
Anastasiia KIRPICHNIKOVA,Silver Medal,31-Jul,FRA,F,Swimming
Isabel GOSE,Bronze Medal,31-Jul,GER,F,Swimming
Alex YEE,Gold Medal,31-Jul,GBR,M,Triathlon
Hayden WILDE,Silver Medal,31-Jul,NZL,M,Triathlon
Leo BERGERE,Bronze Medal,31-Jul,FRA,M,Triathlon
Cassandre BEAUGRAND,Gold Medal,31-Jul,FRA,F,Triathlon
Julie DERRON,Silver Medal,31-Jul,SUI,F,Triathlon
Beth POTTER,Bronze Medal,31-Jul,GBR,F,Triathlon
Simone BILES,Gold Medal,1-Aug,USA,F,Artistic Gymnastics
Rebeca ANDRADE,Silver Medal,1-Aug,BRA,F,Artistic Gymnastics
Sunisa LEE,Bronze Medal,1-Aug,USA,F,Artistic Gymnastics
Brian Daniel PINTADO,Gold Medal,1-Aug,ECU,M,Athletics
Caio BONFIM,Silver Medal,1-Aug,BRA,M,Athletics
Alvaro MARTIN,Bronze Medal,1-Aug,ESP,M,Athletics
YANG Jiayu,Gold Medal,1-Aug,CHN,F,Athletics
Maria PEREZ,Silver Medal,1-Aug,ESP,F,Athletics
Jemima MONTAG,Bronze Medal,1-Aug,AUS,F,Athletics
Giovanni de GENNARO,Gold Medal,1-Aug,ITA,M,Canoe Slalom
Titouan CASTRYCK,Silver Medal,1-Aug,FRA,M,Canoe Slalom
Pau ECHANIZ,Bronze Medal,1-Aug,ESP,M,Canoe Slalom
Zelym KOTSOIEV,Gold Medal,1-Aug,AZE,M,Judo
Ilia SULAMANIDZE,Silver Medal,1-Aug,GEO,M,Judo
Peter PALTCHIK,Bronze Medal,1-Aug,ISR,M,Judo
Muzaffarbek TUROBOYEV,Bronze Medal,1-Aug,UZB,M,Judo
Alice BELLANDI,Gold Medal,1-Aug,ITA,F,Judo
Inbar LANIR,Silver Medal,1-Aug,ISR,F,Judo
MA Zhenzhao,Bronze Medal,1-Aug,CHN,F,Judo
Patricia SAMPAIO,Bronze Medal,1-Aug,POR,F,Judo
LIU Yukun,Gold Medal,1-Aug,CHN,M,Shooting
Serhiy KULISH,Silver Medal,1-Aug,UKR,M,Shooting
Swapnil KUSALE,Bronze Medal,1-Aug,IND,M,Shooting
Hubert KOS,Gold Medal,1-Aug,HUN,M,Swimming
Apostolos CHRISTOU,Silver Medal,1-Aug,GRE,M,Swimming
Kate DOUGLASS,Gold Medal,1-Aug,USA,F,Swimming
Tatjana SMITH,Silver Medal,1-Aug,RSA,F,Swimming
Tes SCHOUTEN,Bronze Medal,1-Aug,NED,F,Swimming
Summer McINTOSH,Gold Medal,1-Aug,CAN,F,Swimming
Regan SMITH,Silver Medal,1-Aug,USA,F,Swimming
ZHANG Yufei,Bronze Medal,1-Aug,CHN,F,Swimming
Joshua CHEPTEGEI,Gold Medal,2-Aug,UGA,M,Athletics
Berihu AREGAWI,Silver Medal,2-Aug,ETH,M,Athletics
Grant FISHER,Bronze Medal,2-Aug,USA,M,Athletics
Joris DAUDET,Gold Medal,2-Aug,FRA,M,Cycling BMX Racing
Sylvain ANDRE,Silver Medal,2-Aug,FRA,M,Cycling BMX Racing
Romain MAHIEU,Bronze Medal,2-Aug,FRA,M,Cycling BMX Racing
Saya SAKAKIBARA,Gold Medal,2-Aug,AUS,F,Cycling BMX Racing
Manon VEENSTRA,Silver Medal,2-Aug,NED,F,Cycling BMX Racing
Zoe CLAESSENS,Bronze Medal,2-Aug,SUI,F,Cycling BMX Racing
Teddy RINER,Gold Medal,2-Aug,FRA,M,Judo
KIM Minjong,Silver Medal,2-Aug,KOR,M,Judo
Temur RAKHIMOV,Bronze Medal,2-Aug,TJK,M,Judo
Alisher YUSUPOV,Bronze Medal,2-Aug,UZB,M,Judo
Beatriz SOUZA,Gold Medal,2-Aug,BRA,F,Judo
Raz HERSHKO,Silver Medal,2-Aug,ISR,F,Judo
KIM Hayun,Bronze Medal,2-Aug,KOR,F,Judo
BOTIN/TRITTEL,Gold Medal,2-Aug,ESP,M,Sailing
McHARDIE/McKENZIE,Silver Medal,2-Aug,NZL,M,Sailing
BARROWS/HENKEN,Bronze Medal,2-Aug,USA,M,Sailing
AANHOLT/DUETZ,Gold Medal,2-Aug,NED,F,Sailing
BOBECK/NETZLER,Silver Medal,2-Aug,SWE,F,Sailing
STEYAERT/PICON,Bronze Medal,2-Aug,FRA,F,Sailing
Chiara LEONE,Gold Medal,2-Aug,SUI,F,Shooting
Sagen MADDALENA,Silver Medal,2-Aug,USA,F,Shooting
ZHANG Qiongyue,Bronze Medal,2-Aug,CHN,F,Shooting
Leon MARCHAND,Gold Medal,2-Aug,FRA,M,Swimming
Duncan SCOTT,Silver Medal,2-Aug,GBR,M,Swimming
WANG Shun,Bronze Medal,2-Aug,CHN,M,Swimming
Cameron McEVOY,Gold Medal,2-Aug,AUS,M,Swimming
Benjamin PROUD,Silver Medal,2-Aug,GBR,M,Swimming
Florent MANAUDOU,Bronze Medal,2-Aug,FRA,M,Swimming
Kaylee McKEOWN,Gold Medal,2-Aug,AUS,F,Swimming
Regan SMITH,Silver Medal,2-Aug,USA,F,Swimming
Kylie MASSE,Bronze Medal,2-Aug,CAN,F,Swimming
Iga SWIATEK,Bronze Medal,2-Aug,POL,F,Tennis
Ivan LITVINOVICH,Gold Medal,2-Aug,AIN,M,Trampoline Gymnastics
WANG Zisai,Silver Medal,2-Aug,CHN,M,Trampoline Gymnastics
YAN Langyu,Bronze Medal,2-Aug,CHN,M,Trampoline Gymnastics
Bryony PAGE,Gold Medal,2-Aug,GBR,F,Trampoline Gymnastics
Viyaleta BARDZILOUSKAYA,Silver Medal,2-Aug,AIN,F,Trampoline Gymnastics
Sophiane METHOT,Bronze Medal,2-Aug,CAN,F,Trampoline Gymnastics
LIM Sihyeon,Gold Medal,3-Aug,KOR,F,Archery
NAM Suhyeon,Silver Medal,3-Aug,KOR,F,Archery
Lisa BARBELIN,Bronze Medal,3-Aug,FRA,F,Archery
Carlos Edriel YULO,Gold Medal,3-Aug,PHI,M,Artistic Gymnastics
Artem DOLGOPYAT,Silver Medal,3-Aug,ISR,M,Artistic Gymnastics
Jake JARMAN,Bronze Medal,3-Aug,GBR,M,Artistic Gymnastics
Rhys MC CLENAGHAN,Gold Medal,3-Aug,IRL,M,Artistic Gymnastics
Nariman KURBANOV,Silver Medal,3-Aug,KAZ,M,Artistic Gymnastics
Stephen NEDOROSCIK,Bronze Medal,3-Aug,USA,M,Artistic Gymnastics
Simone BILES,Gold Medal,3-Aug,USA,F,Artistic Gymnastics
Rebeca ANDRADE,Silver Medal,3-Aug,BRA,F,Artistic Gymnastics
Jade CAREY,Bronze Medal,3-Aug,USA,F,Artistic Gymnastics
Markus ROOTH,Gold Medal,3-Aug,NOR,M,Athletics
Leo NEUGEBAUER,Silver Medal,3-Aug,GER,M,Athletics
Lindon VICTOR,Bronze Medal,3-Aug,GRN,M,Athletics
Ryan CROUSER,Gold Medal,3-Aug,USA,M,Athletics
Joe KOVACS,Silver Medal,3-Aug,USA,M,Athletics
Rajindra CAMPBELL,Bronze Medal,3-Aug,JAM,M,Athletics
Julien ALFRED,Gold Medal,3-Aug,LCA,F,Athletics
Sha'carri RICHARDSON,Silver Medal,3-Aug,USA,F,Athletics
Melissa JEFFERSON,Bronze Medal,3-Aug,USA,F,Athletics
Thea LAFOND,Gold Medal,3-Aug,DMA,F,Athletics
Shanieka RICKETTS,Silver Medal,3-Aug,JAM,F,Athletics
Jasmine MOORE,Bronze Medal,3-Aug,USA,F,Athletics
CHEN/JIA,Gold Medal,3-Aug,CHN,F,Badminton
LIU/TAN,Silver Medal,3-Aug,CHN,F,Badminton
MATSUYAMA/SHIDA,Bronze Medal,3-Aug,JPN,F,Badminton
WU Shih Yi,Bronze Medal,3-Aug,TPE,F,Boxing
Beatriz Iasmin SOARES FERREIRA,Bronze Medal,3-Aug,BRA,F,Boxing
Remco EVENEPOEL,Gold Medal,3-Aug,BEL,M,Cycling Road
Valentin MADOUAS,Silver Medal,3-Aug,FRA,M,Cycling Road
Christophe LAPORTE,Bronze Medal,3-Aug,FRA,M,Cycling Road
Oliver ZEIDLER,Gold Medal,3-Aug,GER,M,Rowing
Yauheni ZALATY,Silver Medal,3-Aug,AIN,M,Rowing
Simon van DORP,Bronze Medal,3-Aug,NED,M,Rowing
Karolien FLORIJN,Gold Medal,3-Aug,NED,F,Rowing
Emma TWIGG,Silver Medal,3-Aug,NZL,F,Rowing
Viktorija SENKUTE,Bronze Medal,3-Aug,LTU,F,Rowing
Tom REUVENY,Gold Medal,3-Aug,ISR,M,Sailing
Grae MORRIS,Silver Medal,3-Aug,AUS,M,Sailing
Luuc van OPZEELAND,Bronze Medal,3-Aug,NED,M,Sailing
Marta MAGGETTI,Gold Medal,3-Aug,ITA,F,Sailing
Sharon KANTOR,Silver Medal,3-Aug,ISR,F,Sailing
Emma WILSON,Bronze Medal,3-Aug,GBR,F,Sailing
YANG Jiin,Gold Medal,3-Aug,KOR,F,Shooting
Camille JEDRZEJEWSKI,Silver Medal,3-Aug,FRA,F,Shooting
Veronika MAJOR,Bronze Medal,3-Aug,HUN,F,Shooting
Vincent HANCOCK,Gold Medal,3-Aug,USA,M,Shooting
Conner Lynn PRINCE,Silver Medal,3-Aug,USA,M,Shooting
LEE Meng Yuan,Bronze Medal,3-Aug,TPE,M,Shooting
Kristof MILAK,Gold Medal,3-Aug,HUN,M,Swimming
Josh LIENDO,Silver Medal,3-Aug,CAN,M,Swimming
Ilya KHARUN,Bronze Medal,3-Aug,CAN,M,Swimming
Summer McINTOSH,Gold Medal,3-Aug,CAN,F,Swimming
Kate DOUGLASS,Silver Medal,3-Aug,USA,F,Swimming
Kaylee McKEOWN,Bronze Medal,3-Aug,AUS,F,Swimming
Katie LEDECKY,Gold Medal,3-Aug,USA,F,Swimming
Ariarne TITMUS,Silver Medal,3-Aug,AUS,F,Swimming
Paige MADDEN,Bronze Medal,3-Aug,USA,F,Swimming
CHEN Meng,Gold Medal,3-Aug,CHN,F,Table Tennis
SUN Yingsha,Silver Medal,3-Aug,CHN,F,Table Tennis
Hina HAYATA,Bronze Medal,3-Aug,JPN,F,Table Tennis
EBDEN/PEERS,Gold Medal,3-Aug,AUS,M,Tennis
KRAJICEK/RAM,Silver Medal,3-Aug,USA,M,Tennis
FRITZ/PAUL,Bronze Medal,3-Aug,USA,M,Tennis
Lorenzo MUSETTI,Bronze Medal,3-Aug,ITA,M,Tennis
ZHENG Qinwen,Gold Medal,3-Aug,CHN,F,Tennis
Donna VEKIC,Silver Medal,3-Aug,CRO,F,Tennis
KIM Woojin,Gold Medal,4-Aug,KOR,M,Archery
Brady ELLISON,Silver Medal,4-Aug,USA,M,Archery
LEE Wooseok,Bronze Medal,4-Aug,KOR,M,Archery
LIU Yang,Gold Medal,4-Aug,CHN,M,Artistic Gymnastics
ZOU Jingyuan,Silver Medal,4-Aug,CHN,M,Artistic Gymnastics
Eleftherios PETROUNIAS,Bronze Medal,4-Aug,GRE,M,Artistic Gymnastics
Carlos Edriel YULO,Gold Medal,4-Aug,PHI,M,Artistic Gymnastics
Artur DAVTYAN,Silver Medal,4-Aug,ARM,M,Artistic Gymnastics
Harry HEPWORTH,Bronze Medal,4-Aug,GBR,M,Artistic Gymnastics
Kaylia NEMOUR,Gold Medal,4-Aug,ALG,F,Artistic Gymnastics
QIU Qiyuan,Silver Medal,4-Aug,CHN,F,Artistic Gymnastics
Sunisa LEE,Bronze Medal,4-Aug,USA,F,Artistic Gymnastics
Noah LYLES,Gold Medal,4-Aug,USA,M,Athletics
Kishane THOMPSON,Silver Medal,4-Aug,JAM,M,Athletics
Fred KERLEY,Bronze Medal,4-Aug,USA,M,Athletics
Ethan KATZBERG,Gold Medal,4-Aug,CAN,M,Athletics
Bence HALASZ,Silver Medal,4-Aug,HUN,M,Athletics
Mykhaylo KOKHAN,Bronze Medal,4-Aug,UKR,M,Athletics
Yaroslava MAHUCHIKH,Gold Medal,4-Aug,UKR,F,Athletics
Nicola OLYSLAGERS,Silver Medal,4-Aug,AUS,F,Athletics
Iryna GERASHCHENKO,Bronze Medal,4-Aug,UKR,F,Athletics
Eleanor PATTERSON,Bronze Medal,4-Aug,AUS,F,Athletics
LEE/WANG,Gold Medal,4-Aug,TPE,M,Badminton
LIANG/WANG,Silver Medal,4-Aug,CHN,M,Badminton
CHIA/SOH,Bronze Medal,4-Aug,MAS,M,Badminton
Yunior ALCANTARA REYES,Bronze Medal,4-Aug,DOM,M,Boxing
David de PINA,Bronze Medal,4-Aug,CPV,M,Boxing
Wyatt SANFORD,Bronze Medal,4-Aug,CAN,M,Boxing
Lasha GURULI,Bronze Medal,4-Aug,GEO,M,Boxing
Cristian Javier PINALES,Bronze Medal,4-Aug,DOM,M,Boxing
Arlen LOPEZ CARDONA,Bronze Medal,4-Aug,CUB,M,Boxing
Enmanuel REYES PLA,Bronze Medal,4-Aug,ESP,M,Boxing
Davlat BOLTAEV,Bronze Medal,4-Aug,TJK,M,Boxing
PANG Cholmi,Bronze Medal,4-Aug,PRK,F,Boxing
IM Aeji,Bronze Medal,4-Aug,KOR,F,Boxing
Kristen FAULKNER,Gold Medal,4-Aug,USA,F,Cycling Road
Marianne VOS,Silver Medal,4-Aug,NED,F,Cycling Road
Lotte KOPECKY,Bronze Medal,4-Aug,BEL,F,Cycling Road
Jessica von BREDOW-WERNDL,Gold Medal,4-Aug,GER,F,Equestrian
Isabell WERTH,Silver Medal,4-Aug,GER,F,Equestrian
Charlotte FRY,Bronze Medal,4-Aug,GBR,F,Equestrian
Scottie SCHEFFLER,Gold Medal,4-Aug,USA,M,Golf
Tommy FLEETWOOD,Silver Medal,4-Aug,GBR,M,Golf
MATSUYAMA Hideki,Bronze Medal,4-Aug,JPN,M,Golf
Amber Jo RUTTER,Silver Medal,4-Aug,GBR,F,Shooting
Austen Jewell SMITH,Bronze Medal,4-Aug,USA,F,Shooting
Bobby FINKE,Gold Medal,4-Aug,USA,M,Swimming
Gregorio PALTRINIERI,Silver Medal,4-Aug,ITA,M,Swimming
Daniel WIFFEN,Bronze Medal,4-Aug,IRL,M,Swimming
Sarah SJOESTROEM,Gold Medal,4-Aug,SWE,F,Swimming
Meg HARRIS,Silver Medal,4-Aug,AUS,F,Swimming
ZHANG Yufei,Bronze Medal,4-Aug,CHN,F,Swimming
FAN Zhendong,Gold Medal,4-Aug,CHN,M,Table Tennis
Truls MOREGARD,Silver Medal,4-Aug,SWE,M,Table Tennis
Felix LEBRUN,Bronze Medal,4-Aug,FRA,M,Table Tennis
Novak DJOKOVIC,Gold Medal,4-Aug,SRB,M,Tennis
Carlos ALCARAZ,Silver Medal,4-Aug,ESP,M,Tennis
ERRANI/PAOLINI,Gold Medal,4-Aug,ITA,F,Tennis
ANDREEVA/SHNAIDER,Silver Medal,4-Aug,AIN,F,Tennis
BUCSA/SORRIBES TORMO,Bronze Medal,4-Aug,ESP,F,Tennis
OKA Shinnosuke,Gold Medal,5-Aug,JPN,M,Artistic Gymnastics
Angel BARAJAS,Silver Medal,5-Aug,COL,M,Artistic Gymnastics
ZHANG Boheng,Bronze Medal,5-Aug,CHN,M,Artistic Gymnastics
TANG Chia-Hung,Bronze Medal,5-Aug,TPE,M,Artistic Gymnastics
ZOU Jingyuan,Gold Medal,5-Aug,CHN,M,Artistic Gymnastics
Illia KOVTUN,Silver Medal,5-Aug,UKR,M,Artistic Gymnastics
OKA Shinnosuke,Bronze Medal,5-Aug,JPN,M,Artistic Gymnastics
Alice D'AMATO,Gold Medal,5-Aug,ITA,F,Artistic Gymnastics
ZHOU Yaqin,Silver Medal,5-Aug,CHN,F,Artistic Gymnastics
Manila ESPOSITO,Bronze Medal,5-Aug,ITA,F,Artistic Gymnastics
Rebeca ANDRADE,Gold Medal,5-Aug,BRA,F,Artistic Gymnastics
Simone BILES,Silver Medal,5-Aug,USA,F,Artistic Gymnastics
Ana BARBOSU,Bronze Medal,5-Aug,ROU,F,Artistic Gymnastics
Armand DUPLANTIS,Gold Medal,5-Aug,SWE,M,Athletics
Sam KENDRICKS,Silver Medal,5-Aug,USA,M,Athletics
Emmanouil KARALIS,Bronze Medal,5-Aug,GRE,M,Athletics
Beatrice CHEBET,Gold Medal,5-Aug,KEN,F,Athletics
Faith KIPYEGON,Silver Medal,5-Aug,KEN,F,Athletics
Sifan HASSAN,Bronze Medal,5-Aug,NED,F,Athletics
Keely HODGKINSON,Gold Medal,5-Aug,GBR,F,Athletics
Tsige DUGUMA,Silver Medal,5-Aug,ETH,F,Athletics
Mary MORAA,Bronze Medal,5-Aug,KEN,F,Athletics
Valarie ALLMAN,Gold Medal,5-Aug,USA,F,Athletics
FENG Bin,Silver Medal,5-Aug,CHN,F,Athletics
Sandra ELKASEVIC,Bronze Medal,5-Aug,CRO,F,Athletics
Viktor AXELSEN,Gold Medal,5-Aug,DEN,M,Badminton
Kunlavut VITIDSARN,Silver Medal,5-Aug,THA,M,Badminton
Zii Jia LEE,Bronze Medal,5-Aug,MAS,M,Badminton
AN Se Young,Gold Medal,5-Aug,KOR,F,Badminton
HE Bing Jiao,Silver Medal,5-Aug,CHN,F,Badminton
Finn BUTCHER,Gold Medal,5-Aug,NZL,M,Canoe Slalom
Joseph CLARKE,Silver Medal,5-Aug,GBR,M,Canoe Slalom
Noah HEGGE,Bronze Medal,5-Aug,GER,M,Canoe Slalom
Noemie FOX,Gold Medal,5-Aug,AUS,F,Canoe Slalom
Angele HUG,Silver Medal,5-Aug,FRA,F,Canoe Slalom
Kimberley WOODS,Bronze Medal,5-Aug,GBR,F,Canoe Slalom
LI Yuehong,Gold Medal,5-Aug,CHN,M,Shooting
CHO Yeongjae,Silver Medal,5-Aug,KOR,M,Shooting
WANG Xinjie,Bronze Medal,5-Aug,CHN,M,Shooting
Kauli VAAST,Gold Medal,5-Aug,FRA,M,Surfing
Jack ROBINSON,Silver Medal,5-Aug,AUS,M,Surfing
Gabriel MEDINA,Bronze Medal,5-Aug,BRA,M,Surfing
Caroline MARKS,Gold Medal,5-Aug,USA,F,Surfing
Tatiana WESTON-WEBB,Silver Medal,5-Aug,BRA,F,Surfing
Johanne DEFAY,Bronze Medal,5-Aug,FRA,F,Surfing
Cole HOCKER,Gold Medal,6-Aug,USA,M,Athletics
Josh KERR,Silver Medal,6-Aug,GBR,M,Athletics
Yared NUGUSE,Bronze Medal,6-Aug,USA,M,Athletics
Miltiadis TENTOGLOU,Gold Medal,6-Aug,GRE,M,Athletics
Wayne PINNOCK,Silver Medal,6-Aug,JAM,M,Athletics
Mattia FURLANI,Bronze Medal,6-Aug,ITA,M,Athletics
Gabrielle THOMAS,Gold Medal,6-Aug,USA,F,Athletics
Julien ALFRED,Silver Medal,6-Aug,LCA,F,Athletics
Brittany BROWN,Bronze Medal,6-Aug,USA,F,Athletics
Winfred YAVI,Gold Medal,6-Aug,BRN,F,Athletics
Faith CHEROTICH,Bronze Medal,6-Aug,KEN,F,Athletics
Camryn ROGERS,Gold Medal,6-Aug,CAN,F,Athletics
Annette Nneka ECHIKUNWOKE,Silver Medal,6-Aug,USA,F,Athletics
ZHAO Jie,Bronze Medal,6-Aug,CHN,F,Athletics
Omari JONES,Bronze Medal,6-Aug,USA,M,Boxing
Lewis RICHARDSON,Bronze Medal,6-Aug,GBR,M,Boxing
Nazym KYZAIBAY,Bronze Medal,6-Aug,KAZ,F,Boxing
Aira VILLEGAS,Bronze Medal,6-Aug,PHI,F,Boxing
Kellie HARRINGTON,Gold Medal,6-Aug,IRL,F,Boxing
YANG Wenlu,Silver Medal,6-Aug,CHN,F,Boxing
Janjaem SUWANNAPHENG,Bronze Medal,6-Aug,THA,F,Boxing
CHEN Nien Chin,Bronze Medal,6-Aug,TPE,F,Boxing
QUAN Hongchan,Gold Medal,6-Aug,CHN,F,Diving
CHEN Yuxi,Silver Medal,6-Aug,CHN,F,Diving
KIM Mi Rae,Bronze Medal,6-Aug,PRK,F,Diving
Christian KUKUK,Gold Medal,6-Aug,GER,F,Equestrian
Steve GUERDAT,Silver Medal,6-Aug,SUI,F,Equestrian
Maikel van der VLEUTEN,Bronze Medal,6-Aug,NED,F,Equestrian
Arisa TREW,Gold Medal,6-Aug,AUS,F,Skateboarding
HIRAKI Cocona,Silver Medal,6-Aug,JPN,F,Skateboarding
Sky BROWN,Bronze Medal,6-Aug,GBR,F,Skateboarding
Mijain LOPEZ NUNEZ,Gold Medal,6-Aug,CUB,M,Wrestling
Yasmani ACOSTA FERNANDEZ,Silver Medal,6-Aug,CHI,M,Wrestling
Amin MIRZAZADEH,Bronze Medal,6-Aug,IRI,M,Wrestling
MENG Lingzhe,Bronze Medal,6-Aug,CHN,M,Wrestling
FUMITA Kenichiro,Gold Medal,6-Aug,JPN,M,Wrestling
CAO Liguo,Silver Medal,6-Aug,CHN,M,Wrestling
Zholaman SHARSHENBEKOV,Bronze Medal,6-Aug,KGZ,M,Wrestling
RI Se Ung,Bronze Medal,6-Aug,PRK,M,Wrestling
Amit ELOR,Gold Medal,6-Aug,USA,F,Wrestling
Meerim ZHUMANAZAROVA,Silver Medal,6-Aug,KGZ,F,Wrestling
Buse CAVUSOGLU TOSUN,Bronze Medal,6-Aug,TUR,F,Wrestling
OZAKI Nonoka,Bronze Medal,6-Aug,JPN,F,Wrestling
Soufiane EL BAKKALI,Gold Medal,7-Aug,MAR,M,Athletics
Kenneth ROOKS,Silver Medal,7-Aug,USA,M,Athletics
Abraham KIBIWOT,Bronze Medal,7-Aug,KEN,M,Athletics
Quincy HALL,Gold Medal,7-Aug,USA,M,Athletics
Matthew HUDSON-SMITH,Silver Medal,7-Aug,GBR,M,Athletics
Muzala SAMUKONGA,Bronze Medal,7-Aug,ZAM,M,Athletics
Roje STONA,Gold Medal,7-Aug,JAM,M,Athletics
Mykolas ALEKNA,Silver Medal,7-Aug,LTU,M,Athletics
Matthew DENNY,Bronze Medal,7-Aug,AUS,M,Athletics
Nina KENNEDY,Gold Medal,7-Aug,AUS,F,Athletics
Katie MOON,Silver Medal,7-Aug,USA,F,Athletics
Alysha NEWMAN,Bronze Medal,7-Aug,CAN,F,Athletics
Nelvie Raman TIAFACK,Bronze Medal,7-Aug,GER,M,Boxing
Djamili-Dini ABOUDOU MOINDZE,Bronze Medal,7-Aug,FRA,M,Boxing
Erislandy ALVAREZ BORGES,Gold Medal,7-Aug,CUB,M,Boxing
Sofiane OUMIHA,Silver Medal,7-Aug,FRA,M,Boxing
Oleksandr KHYZHNIAK,Gold Medal,7-Aug,UKR,M,Boxing
Nurbek ORALBAY,Silver Medal,7-Aug,KAZ,M,Boxing
Esra YILDIZ KAHRAMAN,Bronze Medal,7-Aug,TUR,F,Boxing
Nesthy PETECIO,Bronze Medal,7-Aug,PHI,F,Boxing
Matt WEARN,Gold Medal,7-Aug,AUS,M,Sailing
Pavlos KONTIDES,Silver Medal,7-Aug,CYP,M,Sailing
Stefano PESCHIERA,Bronze Medal,7-Aug,PER,M,Sailing
Marit BOUWMEESTER,Gold Medal,7-Aug,NED,F,Sailing
Anne-Marie RINDOM,Silver Medal,7-Aug,DEN,F,Sailing
Line Flem HOEST,Bronze Medal,7-Aug,NOR,F,Sailing
Keegan PALMER,Gold Medal,7-Aug,AUS,M,Skateboarding
Tom SCHAAR,Silver Medal,7-Aug,USA,M,Skateboarding
Augusto AKIO,Bronze Medal,7-Aug,BRA,M,Skateboarding
Aleksandra MIROSLAW,Gold Medal,7-Aug,POL,F,Sport Climbing
DENG Lijuan,Silver Medal,7-Aug,CHN,F,Sport Climbing
Aleksandra KALUCKA,Bronze Medal,7-Aug,POL,F,Sport Climbing
PARK Taejoon,Gold Medal,7-Aug,KOR,M,Taekwondo
Gashim MAGOMEDOV,Silver Medal,7-Aug,AZE,M,Taekwondo
Cyrian RAVET,Bronze Medal,7-Aug,FRA,M,Taekwondo
Mohamed Khalil JENDOUBI,Bronze Medal,7-Aug,TUN,M,Taekwondo
Panipak WONGPATTANAKIT,Gold Medal,7-Aug,THA,F,Taekwondo
GUO Qing,Silver Medal,7-Aug,CHN,F,Taekwondo
Mobina NEMATZADEH,Bronze Medal,7-Aug,IRI,F,Taekwondo
Lena STOJKOVIC,Bronze Medal,7-Aug,CRO,F,Taekwondo
LI Fabin,Gold Medal,7-Aug,CHN,M,Weightlifting
Theerapong SILACHAI,Silver Medal,7-Aug,THA,M,Weightlifting
Hampton MORRIS,Bronze Medal,7-Aug,USA,M,Weightlifting
HOU Zhihui,Gold Medal,7-Aug,CHN,F,Weightlifting
Mihaela Valentina CAMBEI,Silver Medal,7-Aug,ROU,F,Weightlifting
Surodchana KHAMBAO,Bronze Medal,7-Aug,THA,F,Weightlifting
KUSAKA Nao,Gold Medal,7-Aug,JPN,M,Wrestling
Demeu ZHADRAYEV,Silver Medal,7-Aug,KAZ,M,Wrestling
Malkhas AMOYAN,Bronze Medal,7-Aug,ARM,M,Wrestling
Akzhol MAKHMUDOV,Bronze Medal,7-Aug,KGZ,M,Wrestling
Mohammadhadi SARAVI,Gold Medal,7-Aug,IRI,M,Wrestling
Artur ALEKSANYAN,Silver Medal,7-Aug,ARM,M,Wrestling
Gabriel Alejandro ROSILLO KINDELAN,Bronze Medal,7-Aug,CUB,M,Wrestling
Uzur DZHUZUPBEKOV,Bronze Medal,7-Aug,KGZ,M,Wrestling
Sarah Ann HILDEBRANDT,Gold Medal,7-Aug,USA,F,Wrestling
Yusneylis GUZMAN LOPEZ,Silver Medal,7-Aug,CUB,F,Wrestling
SUSAKI Yui,Bronze Medal,7-Aug,JPN,F,Wrestling
FENG Ziqi,Bronze Medal,7-Aug,CHN,F,Wrestling
Grant HOLLOWAY,Gold Medal,8-Aug,USA,M,Athletics
Daniel ROBERTS,Silver Medal,8-Aug,USA,M,Athletics
Rasheed BROADBELL,Bronze Medal,8-Aug,JAM,M,Athletics
Letsile TEBOGO,Gold Medal,8-Aug,BOT,M,Athletics
Kenneth BEDNAREK,Silver Medal,8-Aug,USA,M,Athletics
Noah LYLES,Bronze Medal,8-Aug,USA,M,Athletics
Arshad NADEEM,Gold Medal,8-Aug,PAK,M,Athletics
Neeraj CHOPRA,Silver Medal,8-Aug,IND,M,Athletics
Anderson PETERS,Bronze Medal,8-Aug,GRN,M,Athletics
Sydney McLAUGHLIN-LEVRONE,Gold Medal,8-Aug,USA,F,Athletics
Anna COCKRELL,Silver Medal,8-Aug,USA,F,Athletics
Femke BOL,Bronze Medal,8-Aug,NED,F,Athletics
Tara DAVIS-WOODHALL,Gold Medal,8-Aug,USA,F,Athletics
Malaika MIHAMBO,Silver Medal,8-Aug,GER,F,Athletics
Jasmine MOORE,Bronze Medal,8-Aug,USA,F,Athletics
Hasanboy DUSMATOV,Gold Medal,8-Aug,UZB,M,Boxing
Billal BENNAMA,Silver Medal,8-Aug,FRA,M,Boxing
Charlie SENIOR,Bronze Medal,8-Aug,AUS,M,Boxing
Javier IBANEZ DIAZ,Bronze Medal,8-Aug,BUL,M,Boxing
CHANG Yuan,Gold Medal,8-Aug,CHN,F,Boxing
Hatice AKBAS,Silver Medal,8-Aug,TUR,F,Boxing
Caitlin PARKER,Bronze Medal,8-Aug,AUS,F,Boxing
Cindy Winner DJANKEU NGAMBA,Bronze Medal,8-Aug,EOR,F,Boxing
LIU/JI,Gold Medal,8-Aug,CHN,M,Canoe Sprint
CASADEI/TACCHINI,Silver Medal,8-Aug,ITA,M,Canoe Sprint
MORENO/DOMINGUEZ,Bronze Medal,8-Aug,ESP,M,Canoe Sprint
Benjamin THOMAS,Gold Medal,8-Aug,FRA,M,Cycling Track
Iuri LEITAO,Silver Medal,8-Aug,POR,M,Cycling Track
Fabio van den BOSSCHE,Bronze Medal,8-Aug,BEL,M,Cycling Track
Ellesse ANDREWS,Gold Medal,8-Aug,NZL,F,Cycling Track
Hetty van de WOUW,Silver Medal,8-Aug,NED,F,Cycling Track
Emma FINUCANE,Bronze Medal,8-Aug,GBR,F,Cycling Track
XIE Siyi,Gold Medal,8-Aug,CHN,M,Diving
WANG Zongyuan,Silver Medal,8-Aug,CHN,M,Diving
Osmar OLVERA IBARRA,Bronze Medal,8-Aug,MEX,M,Diving
Sharon van ROUWENDAAL,Gold Medal,8-Aug,NED,F,Marathon Swimming
Moesha JOHNSON,Silver Medal,8-Aug,AUS,F,Marathon Swimming
Ginevra TADDEUCCI,Bronze Medal,8-Aug,ITA,F,Marathon Swimming
Eleanor ALDRIDGE,Gold Medal,8-Aug,GBR,F,Sailing
Lauriane NOLOT,Silver Medal,8-Aug,FRA,F,Sailing
Annelous LAMMERTS,Bronze Medal,8-Aug,NED,F,Sailing
Veddriq LEONARDO,Gold Medal,8-Aug,INA,M,Sport Climbing
WU Peng,Silver Medal,8-Aug,CHN,M,Sport Climbing
Sam WATSON,Bronze Medal,8-Aug,USA,M,Sport Climbing
Ulugbek RASHITOV,Gold Medal,8-Aug,UZB,M,Taekwondo
Zaid KAREEM,Silver Medal,8-Aug,JOR,M,Taekwondo
LIANG Yushuai,Bronze Medal,8-Aug,CHN,M,Taekwondo
Edival PONTES,Bronze Medal,8-Aug,BRA,M,Taekwondo
KIM Yujin,Gold Medal,8-Aug,KOR,F,Taekwondo
Nahid KIYANICHANDEH,Silver Medal,8-Aug,IRI,F,Taekwondo
Skylar PARK,Bronze Medal,8-Aug,CAN,F,Taekwondo
Alizadeh KIMIA,Bronze Medal,8-Aug,BUL,F,Taekwondo
Rizki JUNIANSYAH,Gold Medal,8-Aug,INA,M,Weightlifting
Weeraphon WICHUMA,Silver Medal,8-Aug,THA,M,Weightlifting
Bozhidar Dimitrov ANDREEV,Bronze Medal,8-Aug,BUL,M,Weightlifting
LUO Shifang,Gold Medal,8-Aug,CHN,F,Weightlifting
Maude CHARRON,Silver Medal,8-Aug,CAN,F,Weightlifting
KUO Hsing-Chun,Bronze Medal,8-Aug,TPE,F,Weightlifting
Saeid ESMAEILI LEIVESI,Gold Medal,8-Aug,IRI,M,Wrestling
Parviz NASIBOV,Silver Medal,8-Aug,UKR,M,Wrestling
Hasrat JAFAROV,Bronze Medal,8-Aug,AZE,M,Wrestling
Luis Alberto ORTA SANCHEZ,Bronze Medal,8-Aug,CUB,M,Wrestling
Semen Sergeevich NOVIKOV,Gold Medal,8-Aug,BUL,M,Wrestling
Alireza MOHMADIPIANI,Silver Medal,8-Aug,IRI,M,Wrestling
Zhan BELENIUK,Bronze Medal,8-Aug,UKR,M,Wrestling
Turpal Ali BISULTANOV,Bronze Medal,8-Aug,DEN,M,Wrestling
FUJINAMI Akari,Gold Medal,8-Aug,JPN,F,Wrestling
Lucia Yamileth YEPEZ GUZMAN,Silver Medal,8-Aug,ECU,F,Wrestling
CHOE Hyo Gyong,Bronze Medal,8-Aug,PRK,F,Wrestling
PANG Qianyu,Bronze Medal,8-Aug,CHN,F,Wrestling
Rai BENJAMIN,Gold Medal,9-Aug,USA,M,Athletics
Karsten WARHOLM,Silver Medal,9-Aug,NOR,M,Athletics
Alison dos SANTOS,Bronze Medal,9-Aug,BRA,M,Athletics
Pedro PICHARDO,Silver Medal,9-Aug,POR,M,Athletics
Andy DIAZ HERNANDEZ,Bronze Medal,9-Aug,ITA,M,Athletics
Beatrice CHEBET,Gold Medal,9-Aug,KEN,F,Athletics
Nadia BATTOCLETTI,Silver Medal,9-Aug,ITA,F,Athletics
Sifan HASSAN,Bronze Medal,9-Aug,NED,F,Athletics
Marileidy PAULINO,Gold Medal,9-Aug,DOM,F,Athletics
Salwa Eid NASER,Silver Medal,9-Aug,BRN,F,Athletics
Natalia KACZMAREK,Bronze Medal,9-Aug,POL,F,Athletics
Yemisi OGUNLEYE,Gold Medal,9-Aug,GER,F,Athletics
Maddison-Lee WESCHE,Silver Medal,9-Aug,NZL,F,Athletics
SONG Jiayuan,Bronze Medal,9-Aug,CHN,F,Athletics
ANA PATRICIA/DUDA,Gold Medal,9-Aug,BRA,F,Beach Volleyball
MELISSA/BRANDIE,Silver Medal,9-Aug,CAN,F,Beach Volleyball
HUBERLI/BRUNNER,Bronze Medal,9-Aug,SUI,F,Beach Volleyball
Asadkhuja MUYDINKHUJAEV,Gold Medal,9-Aug,UZB,M,Boxing
Marco Alonso VERDE ALVAREZ,Silver Medal,9-Aug,MEX,M,Boxing
Lazizbek MULLOJONOV,Gold Medal,9-Aug,UZB,M,Boxing
Loren Berto ALFONSO DOMINGUEZ,Silver Medal,9-Aug,AZE,M,Boxing
WU Yu,Gold Medal,9-Aug,CHN,F,Boxing
Buse Naz CAKIROGLU,Silver Medal,9-Aug,TUR,F,Boxing
Imane KHELIF,Gold Medal,9-Aug,ALG,F,Boxing
YANG Liu,Silver Medal,9-Aug,CHN,F,Boxing
AMI,Gold Medal,9-Aug,JPN,F,Breaking
NICKA,Silver Medal,9-Aug,LTU,F,Breaking
Martin FUKSA,Gold Medal,9-Aug,CZE,M,Canoe Sprint
Isaquias QUEIROZ,Silver Medal,9-Aug,BRA,M,Canoe Sprint
Serghei TARNOVSCHI,Bronze Medal,9-Aug,MDA,M,Canoe Sprint
SCHOPF/LEMKE,Gold Medal,9-Aug,GER,M,Canoe Sprint
NADAS/TOTKA,Silver Medal,9-Aug,HUN,M,Canoe Sprint
van der WE/GREEN,Bronze Medal,9-Aug,AUS,M,Canoe Sprint
XU/SUN,Gold Medal,9-Aug,CHN,F,Canoe Sprint
LUZAN/RYBACHOK,Silver Medal,9-Aug,UKR,F,Canoe Sprint
MACKENZIE/VINCENT,Bronze Medal,9-Aug,CAN,F,Canoe Sprint
CARRINGTON/HOSKIN,Gold Medal,9-Aug,NZL,F,Canoe Sprint
CSIPES/GAZSO,Silver Medal,9-Aug,HUN,F,Canoe Sprint
PASZEK/HAKE,Bronze Medal,9-Aug,GER,F,Canoe Sprint
PUPP/FOJT,Bronze Medal,9-Aug,HUN,F,Canoe Sprint
Harrie LAVREYSEN,Gold Medal,9-Aug,NED,M,Cycling Track
Matthew RICHARDSON,Silver Medal,9-Aug,AUS,M,Cycling Track
Jack CARLIN,Bronze Medal,9-Aug,GBR,M,Cycling Track
CHEN Yiwen,Gold Medal,9-Aug,CHN,F,Diving
Maddison KEENEY,Silver Medal,9-Aug,AUS,F,Diving
CHANG Yani,Bronze Medal,9-Aug,CHN,F,Diving
Kristof RASOVSZKY,Gold Medal,9-Aug,HUN,M,Marathon Swimming
Oliver KLEMET,Silver Medal,9-Aug,GER,M,Marathon Swimming
David BETLEHEM,Bronze Medal,9-Aug,HUN,M,Marathon Swimming
Valentin BONTUS,Gold Medal,9-Aug,AUT,M,Sailing
Toni VODISEK,Silver Medal,9-Aug,SLO,M,Sailing
Maximilian MAEDER,Bronze Medal,9-Aug,SGP,M,Sailing
Toby ROBERTS,Gold Medal,9-Aug,GBR,M,Sport Climbing
ANRAKU Sorato,Silver Medal,9-Aug,JPN,M,Sport Climbing
Jakob SCHUBERT,Bronze Medal,9-Aug,AUT,M,Sport Climbing
Firas KATOUSSI,Gold Medal,9-Aug,TUN,M,Taekwondo
Mehran BARKHORDARI,Silver Medal,9-Aug,IRI,M,Taekwondo
Simone ALESSIO,Bronze Medal,9-Aug,ITA,M,Taekwondo
Edi HRNIC,Bronze Medal,9-Aug,DEN,M,Taekwondo
Viviana MARTON,Gold Medal,9-Aug,HUN,F,Taekwondo
Aleksandra PERISIC,Silver Medal,9-Aug,SRB,F,Taekwondo
Kristina TEACHOUT,Bronze Medal,9-Aug,USA,F,Taekwondo
Sarah CHAARI,Bronze Medal,9-Aug,BEL,F,Taekwondo
Karlos May NASAR,Gold Medal,9-Aug,BUL,M,Weightlifting
Yeison LOPEZ,Silver Medal,9-Aug,COL,M,Weightlifting
Antonino PIZZOLATO,Bronze Medal,9-Aug,ITA,M,Weightlifting
Olivia REEVES,Gold Medal,9-Aug,USA,F,Weightlifting
Mari Leivis SANCHEZ,Silver Medal,9-Aug,COL,F,Weightlifting
Angie Paola PALACIOS DAJOMES,Bronze Medal,9-Aug,ECU,F,Weightlifting
HIGUCHI Rei,Gold Medal,9-Aug,JPN,M,Wrestling
Spencer Richard LEE,Silver Medal,9-Aug,USA,M,Wrestling
Aman AMAN,Bronze Medal,9-Aug,IND,M,Wrestling
Gulomjon ABDULLAEV,Bronze Medal,9-Aug,UZB,M,Wrestling
Magomed Eldarovitch RAMAZANOV,Gold Medal,9-Aug,BUL,M,Wrestling
Hassan YAZDANICHARATI,Silver Medal,9-Aug,IRI,M,Wrestling
Aaron Marquel BROOKS,Bronze Medal,9-Aug,USA,M,Wrestling
Dauren KURUGLIEV,Bronze Medal,9-Aug,GRE,M,Wrestling
SAKURAI Tsugumi,Gold Medal,9-Aug,JPN,F,Wrestling
Anastasia NICHITA,Silver Medal,9-Aug,MDA,F,Wrestling
Helen Louise MAROULIS,Bronze Medal,9-Aug,USA,F,Wrestling
HONG Kexin,Bronze Medal,9-Aug,CHN,F,Wrestling
Jakob INGEBRIGTSEN,Gold Medal,10-Aug,NOR,M,Athletics
Ronald KWEMOI,Silver Medal,10-Aug,KEN,M,Athletics
Grant FISHER,Bronze Medal,10-Aug,USA,M,Athletics
Emmanuel WANYONYI,Gold Medal,10-Aug,KEN,M,Athletics
Marco AROP,Silver Medal,10-Aug,CAN,M,Athletics
Djamel SEDJATI,Bronze Medal,10-Aug,ALG,M,Athletics
Hamish KERR,Gold Medal,10-Aug,NZL,M,Athletics
Shelby McEWEN,Silver Medal,10-Aug,USA,M,Athletics
Mutaz Essa BARSHIM,Bronze Medal,10-Aug,QAT,M,Athletics
Tamirat TOLA,Gold Medal,10-Aug,ETH,M,Athletics
Bashir ABDI,Silver Medal,10-Aug,BEL,M,Athletics
Benson KIPRUTO,Bronze Medal,10-Aug,KEN,M,Athletics
Masai RUSSELL,Gold Medal,10-Aug,USA,F,Athletics
Cyrena SAMBA-MAYELA,Silver Medal,10-Aug,FRA,F,Athletics
Jasmine CAMACHO-QUINN,Bronze Medal,10-Aug,PUR,F,Athletics
Faith KIPYEGON,Gold Medal,10-Aug,KEN,F,Athletics
Jessica HULL,Silver Medal,10-Aug,AUS,F,Athletics
KITAGUCHI Haruka,Gold Medal,10-Aug,JPN,F,Athletics
Jo-Ane van DYK,Silver Medal,10-Aug,RSA,F,Athletics
Nikola OGRODNIKOVA,Bronze Medal,10-Aug,CZE,F,Athletics
AHMAN/HELLVIG,Gold Medal,10-Aug,SWE,M,Beach Volleyball
EHLERS/WICKLER,Silver Medal,10-Aug,GER,M,Beach Volleyball
MOL/SORUM,Bronze Medal,10-Aug,NOR,M,Beach Volleyball
Bakhodir JALOLOV,Gold Medal,10-Aug,UZB,M,Boxing
Ayoub GHADFA DRISSI EL AISSAOUI,Silver Medal,10-Aug,ESP,M,Boxing
Munarbek SEIITBEK UULU,Silver Medal,10-Aug,KGZ,M,Boxing
LIN Yu Ting,Gold Medal,10-Aug,TPE,F,Boxing
Julia SZEREMETA,Silver Medal,10-Aug,POL,F,Boxing
LI Qian,Gold Medal,10-Aug,CHN,F,Boxing
Atheyna Bibeichi BYLON,Silver Medal,10-Aug,PAN,F,Boxing
PHIL WIZARD,Gold Medal,10-Aug,CAN,M,Breaking
DANY DANN,Silver Medal,10-Aug,FRA,M,Breaking
VICTOR,Bronze Medal,10-Aug,USA,M,Breaking
Josef DOSTAL,Gold Medal,10-Aug,CZE,M,Canoe Sprint
Adam VARGA,Silver Medal,10-Aug,HUN,M,Canoe Sprint
Balint KOPASZ,Bronze Medal,10-Aug,HUN,M,Canoe Sprint
Katie VINCENT,Gold Medal,10-Aug,CAN,F,Canoe Sprint
Nevin HARRISON,Silver Medal,10-Aug,USA,F,Canoe Sprint
Yarisleidis CIRILO DUBOYS,Bronze Medal,10-Aug,CUB,F,Canoe Sprint
Lisa CARRINGTON,Gold Medal,10-Aug,NZL,F,Canoe Sprint
Tamara CSIPES,Silver Medal,10-Aug,HUN,F,Canoe Sprint
Emma Aastrand JORGENSEN,Bronze Medal,10-Aug,DEN,F,Canoe Sprint
CAO Yuan,Gold Medal,10-Aug,CHN,M,Diving
TAMAI Rikuto,Silver Medal,10-Aug,JPN,M,Diving
Noah WILLIAMS,Bronze Medal,10-Aug,GBR,M,Diving
Lydia KO,Gold Medal,10-Aug,NZL,F,Golf
Esther HENSELEIT,Silver Medal,10-Aug,GER,F,Golf
LIN Xiyu Janet,Bronze Medal,10-Aug,CHN,F,Golf
Ahmed ELGENDY,Gold Medal,10-Aug,EGY,M,Modern Pentathlon
SATO Taishu,Silver Medal,10-Aug,JPN,M,Modern Pentathlon
Giorgio MALAN,Bronze Medal,10-Aug,ITA,M,Modern Pentathlon
Janja GARNBRET,Gold Medal,10-Aug,SLO,F,Sport Climbing
Brooke RABOUTOU,Silver Medal,10-Aug,USA,F,Sport Climbing
Jessica PILZ,Bronze Medal,10-Aug,AUT,F,Sport Climbing
Arian SALIMI,Gold Medal,10-Aug,IRI,M,Taekwondo
Caden CUNNINGHAM,Silver Medal,10-Aug,GBR,M,Taekwondo
Rafael ALBA,Bronze Medal,10-Aug,CUB,M,Taekwondo
Cheick Sallah CISSE,Bronze Medal,10-Aug,CIV,M,Taekwondo
Althea LAURIN,Gold Medal,10-Aug,FRA,F,Taekwondo
Svetlana OSIPOVA,Silver Medal,10-Aug,UZB,F,Taekwondo
LEE Dabin,Bronze Medal,10-Aug,KOR,F,Taekwondo
Nafia KUS AYDIN,Bronze Medal,10-Aug,TUR,F,Taekwondo
Lasha TALAKHADZE,Gold Medal,10-Aug,GEO,M,Weightlifting
Varazdat LALAYAN,Silver Medal,10-Aug,ARM,M,Weightlifting
Gor MINASYAN,Bronze Medal,10-Aug,BRN,M,Weightlifting
LIU Huanhua,Gold Medal,10-Aug,CHN,M,Weightlifting
Akbar DJURAEV,Silver Medal,10-Aug,UZB,M,Weightlifting
Yauheni TSIKHANTSOU,Bronze Medal,10-Aug,AIN,M,Weightlifting
Solfrid Eila Amena KOANDA,Gold Medal,10-Aug,NOR,F,Weightlifting
Sara AHMED,Silver Medal,10-Aug,EGY,F,Weightlifting
Neisi Patricia DAJOMES BARRERA,Bronze Medal,10-Aug,ECU,F,Weightlifting
Geno PETRIASHVILI,Gold Medal,10-Aug,GEO,M,Wrestling
Amir Hossein ZARE,Silver Medal,10-Aug,IRI,M,Wrestling
Taha AKGUL,Bronze Medal,10-Aug,TUR,M,Wrestling
Giorgi MESHVILDISHVILI,Bronze Medal,10-Aug,AZE,M,Wrestling
Razambek Salambekovitch JAMALOV,Gold Medal,10-Aug,UZB,M,Wrestling
TAKATANI Daichi,Silver Medal,10-Aug,JPN,M,Wrestling
Kyle Douglas DAKE,Bronze Medal,10-Aug,USA,M,Wrestling
Chermen VALIEV,Bronze Medal,10-Aug,ALB,M,Wrestling
MOTOKI Sakura,Gold Medal,10-Aug,JPN,F,Wrestling
Iryna KOLIADENKO,Silver Medal,10-Aug,UKR,F,Wrestling
Aisuluu TYNYBEKOVA,Bronze Medal,10-Aug,KGZ,F,Wrestling
Grace Jacob BULLEN,Bronze Medal,10-Aug,NOR,F,Wrestling
Sifan HASSAN,Gold Medal,11-Aug,NED,F,Athletics
Tigst ASSEFA,Silver Medal,11-Aug,ETH,F,Athletics
Hellen OBIRI,Bronze Medal,11-Aug,KEN,F,Athletics
Harrie LAVREYSEN,Gold Medal,11-Aug,NED,M,Cycling Track
Matthew RICHARDSON,Silver Medal,11-Aug,AUS,M,Cycling Track
Matthew GLAETZER,Bronze Medal,11-Aug,AUS,M,Cycling Track
Jennifer VALENTE,Gold Medal,11-Aug,USA,F,Cycling Track
Daria PIKULIK,Silver Medal,11-Aug,POL,F,Cycling Track
Ally WOLLASTON,Bronze Medal,11-Aug,NZL,F,Cycling Track
Ellesse ANDREWS,Gold Medal,11-Aug,NZL,F,Cycling Track
Lea FRIEDRICH,Silver Medal,11-Aug,GER,F,Cycling Track
Emma FINUCANE,Bronze Medal,11-Aug,GBR,F,Cycling Track
Michelle GULYAS,Gold Medal,11-Aug,HUN,F,Modern Pentathlon
Elodie CLOUVEL,Silver Medal,11-Aug,FRA,F,Modern Pentathlon
SEONG Seungmin,Bronze Medal,11-Aug,KOR,F,Modern Pentathlon
LI Wenwen,Gold Medal,11-Aug,CHN,F,Weightlifting
PARK Hyejeong,Silver Medal,11-Aug,KOR,F,Weightlifting
Emily CAMPBELL,Bronze Medal,11-Aug,GBR,F,Weightlifting
KIYOOKA Kotaro,Gold Medal,11-Aug,JPN,M,Wrestling
Rahman AMOUZADKHALILI,Silver Medal,11-Aug,IRI,M,Wrestling
Sebastian C RIVERA,Bronze Medal,11-Aug,PUR,M,Wrestling
Islam DUDAEV,Bronze Medal,11-Aug,ALB,M,Wrestling
Akhmed TAZHUDINOV,Gold Medal,11-Aug,BRN,M,Wrestling
Givi MATCHARASHVILI,Silver Medal,11-Aug,GEO,M,Wrestling
Magomedkhan MAGOMEDOV,Bronze Medal,11-Aug,AZE,M,Wrestling
Amirali AZARPIRA,Bronze Medal,11-Aug,IRI,M,Wrestling
KAGAMI Yuka,Gold Medal,11-Aug,JPN,F,Wrestling
Kennedy Alexis BLADES,Silver Medal,11-Aug,USA,F,Wrestling
Milaimy de la Carid. MARIN POTRILLE,Bronze Medal,11-Aug,CUB,F,Wrestling
Tatiana RENTERIA RENTERIA,Bronze Medal,11-Aug,COL,F,Wrestling
